{"cameraMode":{"drawMode":0,"name":"Shaded","section":"Shading Mode"},"sceneLighting":true,"audioPlay":false,"sceneViewState":{"showFog":true,"showMaterialUpdate":false,"showSkybox":true,"showFlares":true,"showImageEffects":true,"showParticleSystems":true},"in2DMode":false,"pivot":{"x":-0.02899169921875,"y":1.206390380859375,"z":-3.5556640625},"rotation":{"x":0.011028680019080639,"y":0.9888743758201599,"z":-0.1117202416062355,"w":0.0976186990737915},"size":0.9782809615135193,"orthographic":true}