{"cameraMode":{"drawMode":0,"name":"Shaded","section":"Shading Mode"},"sceneLighting":true,"audioPlay":false,"sceneViewState":{"showFog":true,"showMaterialUpdate":false,"showSkybox":true,"showFlares":true,"showImageEffects":true,"showParticleSystems":true},"in2DMode":false,"pivot":{"x":-0.007232666015625,"y":1.41607666015625,"z":-2.587646484375},"rotation":{"x":0.004019280895590782,"y":0.9959796071052551,"z":-0.06433001160621643,"w":0.06222807243466377},"size":0.8407164216041565,"orthographic":true}