{"cameraMode":{"drawMode":0,"name":"Shaded","section":"Shading Mode"},"sceneLighting":true,"audioPlay":false,"sceneViewState":{"showFog":true,"showMaterialUpdate":false,"showSkybox":true,"showFlares":true,"showImageEffects":true,"showParticleSystems":true},"in2DMode":false,"pivot":{"x":0.15618896484375,"y":0.977813720703125,"z":-3.323974609375},"rotation":{"x":-0.0025672134943306448,"y":0.9961786270141602,"z":-0.03139002248644829,"w":-0.08147085458040238},"size":1.960494041442871,"orthographic":true}