{"cameraMode":{"drawMode":0,"name":"Shaded","section":"Shading Mode"},"sceneLighting":true,"audioPlay":false,"sceneViewState":{"showFog":true,"showMaterialUpdate":false,"showSkybox":true,"showFlares":true,"showImageEffects":true,"showParticleSystems":true},"in2DMode":false,"pivot":{"x":0.59283447265625,"y":1.0992355346679688,"z":-3.302734375},"rotation":{"x":0.007080576382577419,"y":-0.9603567123413086,"z":0.024494396522641183,"w":0.277609258890152},"size":0.5410869121551514,"orthographic":true}