{"cameraMode":{"drawMode":0,"name":"Shaded","section":"Shading Mode"},"sceneLighting":true,"audioPlay":false,"sceneViewState":{"showFog":true,"showMaterialUpdate":false,"showSkybox":true,"showFlares":true,"showImageEffects":true,"showParticleSystems":true},"in2DMode":false,"pivot":{"x":0.48358154296875,"y":1.34027099609375,"z":-3.130126953125},"rotation":{"x":-0.0025672134943306448,"y":0.9961786270141602,"z":-0.03139002248644829,"w":-0.08147085458040238},"size":2.1034209728240969,"orthographic":true}