{"cameraMode":{"drawMode":0,"name":"Shaded","section":"Shading Mode"},"sceneLighting":true,"audioPlay":false,"sceneViewState":{"showFog":true,"showMaterialUpdate":false,"showSkybox":true,"showFlares":true,"showImageEffects":true,"showParticleSystems":true},"in2DMode":false,"pivot":{"x":-0.094970703125,"y":1.0267333984375,"z":-3.06591796875},"rotation":{"x":0.029616449028253557,"y":-0.9662649631500244,"z":0.12976858019828797,"w":0.2205428034067154},"size":1.462958812713623,"orthographic":true}