{"cameraMode":{"drawMode":0,"name":"Shaded","section":"Shading Mode"},"sceneLighting":true,"audioPlay":false,"sceneViewState":{"showFog":true,"showMaterialUpdate":false,"showSkybox":true,"showFlares":true,"showImageEffects":true,"showParticleSystems":true},"in2DMode":false,"pivot":{"x":0.14306640625,"y":1.540496826171875,"z":-0.8701171875},"rotation":{"x":0.011822848580777645,"y":0.9867543578147888,"z":-0.0845736712217331,"w":0.13794606924057008},"size":0.7821103930473328,"orthographic":true}