{"cameraMode":{"drawMode":0,"name":"Shaded","section":"Shading Mode"},"sceneLighting":true,"audioPlay":false,"sceneViewState":{"showFog":true,"showMaterialUpdate":false,"showSkybox":true,"showFlares":true,"showImageEffects":true,"showParticleSystems":true},"in2DMode":false,"pivot":{"x":0.409210205078125,"y":1.22784423828125,"z":-4.0194091796875},"rotation":{"x":-0.013248058035969735,"y":0.9860007762908936,"z":-0.09644084423780441,"w":-0.135431706905365},"size":0.8476258516311646,"orthographic":true}