{"cameraMode":{"drawMode":0,"name":"Shaded","section":"Shading Mode"},"sceneLighting":true,"audioPlay":false,"sceneViewState":{"showFog":true,"showMaterialUpdate":false,"showSkybox":true,"showFlares":true,"showImageEffects":true,"showParticleSystems":true},"in2DMode":false,"pivot":{"x":0.4821319580078125,"y":1.1256103515625,"z":-3.80517578125},"rotation":{"x":0.003756562015041709,"y":0.9956797957420349,"z":-0.08022358268499375,"w":0.04662773013114929},"size":1.0115607976913453,"orthographic":true}