{"cameraMode":{"drawMode":0,"name":"Shaded","section":"Shading Mode"},"sceneLighting":true,"audioPlay":false,"sceneViewState":{"showFog":true,"showMaterialUpdate":false,"showSkybox":true,"showFlares":true,"showImageEffects":true,"showParticleSystems":true},"in2DMode":false,"pivot":{"x":0.591400146484375,"y":1.051849365234375,"z":-4.2841796875},"rotation":{"x":-0.010053744539618492,"y":0.9896256327629089,"z":-0.11330866813659668,"w":-0.08781149238348007},"size":0.6742585897445679,"orthographic":true}