{"cameraMode":{"drawMode":0,"name":"Shaded","section":"Shading Mode"},"sceneLighting":true,"audioPlay":false,"sceneViewState":{"showFog":true,"showMaterialUpdate":false,"showSkybox":true,"showFlares":true,"showImageEffects":true,"showParticleSystems":true},"in2DMode":false,"pivot":{"x":-0.3868255615234375,"y":1.2458839416503907,"z":-3.34814453125},"rotation":{"x":-0.000022300730051938444,"y":0.9999704360961914,"z":-0.007499949540942907,"w":-0.0029997071251273157},"size":1.0908421277999879,"orthographic":true}