{"cameraMode":{"drawMode":0,"name":"Shaded","section":"Shading Mode"},"sceneLighting":true,"audioPlay":false,"sceneViewState":{"showFog":true,"showMaterialUpdate":false,"showSkybox":true,"showFlares":true,"showImageEffects":true,"showParticleSystems":true},"in2DMode":false,"pivot":{"x":0.464752197265625,"y":1.2252826690673829,"z":-4.0797119140625},"rotation":{"x":0.0021209444385021927,"y":-0.9935047626495361,"z":0.11224333941936493,"w":0.018777592107653619},"size":0.9315468668937683,"orthographic":true}