{"cameraMode":{"drawMode":0,"name":"Shaded","section":"Shading Mode"},"sceneLighting":true,"audioPlay":false,"sceneViewState":{"showFog":true,"showMaterialUpdate":false,"showSkybox":true,"showFlares":true,"showImageEffects":true,"showParticleSystems":true},"in2DMode":false,"pivot":{"x":0.522705078125,"y":1.1730194091796876,"z":-3.304931640625},"rotation":{"x":0.010206835344433785,"y":-0.985802948474884,"z":0.0651577040553093,"w":0.15443702042102815},"size":0.7295321226119995,"orthographic":true}